ID,Market_and_Exchange_Names,Report_Date_as_YYYY_MM_DD,YYYY Report Week WW,CONTRACT_MARKET_NAME,CFTC_Contract_Market_Code,CFTC_Market_Code,CFTC_Region_Code,CFTC_Commodity_Code,Commodity Name,Open_Interest_All,NonComm_Positions_Long_All,NonComm_Positions_Short_All,NonComm_Postions_Spread_All,Comm_Positions_Long_All,Comm_Positions_Short_All,Tot_Rept_Positions_Long_All,Tot_Rept_Positions_Short_All,NonRept_Positions_Long_All,NonRept_Positions_Short_All,Open_Interest_Old,NonComm_Positions_Long_Old,NonComm_Positions_Short_Old,NonComm_Positions_Spread_Old,Comm_Positions_Long_Old,Comm_Positions_Short_Old,Tot_Rept_Positions_Long_Old,Tot_Rept_Positions_Short_Old,NonRept_Positions_Long_Old,NonRept_Positions_Short_Old,Open_Interest_Other,NonComm_Positions_Long_Other,NonComm_Positions_Short_Other,NonComm_Positions_Spread_Other,Comm_Positions_Long_Other,Comm_Positions_Short_Other,Tot_Rept_Positions_Long_Other,Tot_Rept_Positions_Short_Other,NonRept_Positions_Long_Other,NonRept_Positions_Short_Other,Change_in_Open_Interest_All,Change_in_NonComm_Long_All,Change_in_NonComm_Short_All,Change_in_NonComm_Spead_All,Change_in_Comm_Long_All,Change_in_Comm_Short_All,Change_in_Tot_Rept_Long_All,Change_in_Tot_Rept_Short_All,Change_in_NonRept_Long_All,Change_in_NonRept_Short_All,Pct_of_Open_Interest_All,Pct_of_OI_NonComm_Long_All,Pct_of_OI_NonComm_Short_All,Pct_of_OI_NonComm_Spread_All,Pct_of_OI_Comm_Long_All,Pct_of_OI_Comm_Short_All,Pct_of_OI_Tot_Rept_Long_All,Pct_of_OI_Tot_Rept_Short_All,Pct_of_OI_NonRept_Long_All,Pct_of_OI_NonRept_Short_All,Pct_of_Open_Interest_Old,Pct_of_OI_NonComm_Long_Old,Pct_of_OI_NonComm_Short_Old,Pct_of_OI_NonComm_Spread_Old,Pct_of_OI_Comm_Long_Old,Pct_of_OI_Comm_Short_Old,Pct_of_OI_Tot_Rept_Long_Old,Pct_of_OI_Tot_Rept_Short_Old,Pct_of_OI_NonRept_Long_Old,Pct_of_OI_NonRept_Short_Old,Pct_of_Open_Interest_Other,Pct_of_OI_NonComm_Long_Other,Pct_of_OI_NonComm_Short_Other,Pct_of_OI_NonComm_Spread_Other,Pct_of_OI_Comm_Long_Other,Pct_of_OI_Comm_Short_Other,Pct_of_OI_Tot_Rept_Long_Other,Pct_of_OI_Tot_Rept_Short_Other,Pct_of_OI_NonRept_Long_Other,Pct_of_OI_NonRept_Short_Other,Traders_Tot_All,Traders_NonComm_Long_All,Traders_NonComm_Short_All,Traders_NonComm_Spread_All,Traders_Comm_Long_All,Traders_Comm_Short_All,Traders_Tot_Rept_Long_All,Traders_Tot_Rept_Short_All,Traders_Tot_Old,Traders_NonComm_Long_Old,Traders_NonComm_Short_Old,Traders_NonComm_Spead_Old,Traders_Comm_Long_Old,Traders_Comm_Short_Old,Traders_Tot_Rept_Long_Old,Traders_Tot_Rept_Short_Old,Traders_Tot_Other,Traders_NonComm_Long_Other,Traders_NonComm_Short_Other,Traders_NonComm_Spread_Other,Traders_Comm_Long_Other,Traders_Comm_Short_Other,Traders_Tot_Rept_Long_Other,Traders_Tot_Rept_Short_Other,Conc_Gross_LE_4_TDR_Long_All,Conc_Gross_LE_4_TDR_Short_All,Conc_Gross_LE_8_TDR_Long_All,Conc_Gross_LE_8_TDR_Short_All,Conc_Net_LE_4_TDR_Long_All,Conc_Net_LE_4_TDR_Short_All,Conc_Net_LE_8_TDR_Long_All,Conc_Net_LE_8_TDR_Short_All,Conc_Gross_LE_4_TDR_Long_Old,Conc_Gross_LE_4_TDR_Short_Old,Conc_Gross_LE_8_TDR_Long_Old,Conc_Gross_LE_8_TDR_Short_Old,Conc_Net_LE_4_TDR_Long_Old,Conc_Net_LE_4_TDR_Short_Old,Conc_Net_LE_8_TDR_Long_Old,Conc_Net_LE_8_TDR_Short_Old,Conc_Gross_LE_4_TDR_Long_Other,Conc_Gross_LE_4_TDR_Short_Other,Conc_Gross_LE_8_TDR_Long_Other,Conc_Gross_LE_8_TDR_Short_Other,Conc_Net_LE_4_TDR_Long_Other,Conc_Net_LE_4_TDR_Short_Other,Conc_Net_LE_8_TDR_Long_Other,Conc_Net_LE_8_TDR_Short_Other,Contract_Units,COMMODITY_NAME,COMMODITY_SUBGROUP_NAME,COMMODITY_GROUP_NAME,FutOnly_or_Combined
220913001602F,WHEAT-SRW - CHICAGO BOARD OF TRADE,09/13/2022 12:00:00 AM,2022 Report Week 37,WHEAT-SRW,1602,CBT ,CHI,1,WHEAT,287046,88091,96219,51534,119219,106242,258844,253995,28202,33051,234947,73797,89902,32483,104111,86561,210391,208946,24556,26001,52099,24608,16631,8737,15108,19681,48453,45049,3646,7050,-2283,-520,-2151,1250,-2046,-1346,-1316,-2247,-967,-36,100,30.7,33.5,18,41.5,37,90.2,88.5,9.8,11.5,100,31.4,38.3,13.8,44.3,36.8,89.5,88.9,10.5,11.1,100,47.2,31.9,16.8,29,37.8,93,86.5,7,13.5,315,93,88,92,84,96,233,231,312,99,85,78,80,90,222,215,161,33,39,26,35,73,84,124,16.2,11.8,27.4,21.1,16.1,10.4,26,18.7,17.8,14.2,28.3,24.4,17.3,12.4,26.5,21.8,38,24.8,51.7,37.6,35.6,15.7,48.3,27,"(CONTRACTS OF 5,000 BUSHELS)",WHEAT,GRAINS,AGRICULTURE,FutOnly
220913001626F,WHEAT-HRSpring - MINNEAPOLIS GRAIN EXCHANGE,09/13/2022 12:00:00 AM,2022 Report Week 37,WHEAT-HRSpring,1626,MGE ,CHI,1,WHEAT,48272,8615,5964,3272,27460,29151,39347,38387,8925,9885,46518,8649,5833,3236,25924,28292,37809,37361,8709,9157,1754,0,165,2,1536,859,1538,1026,216,728,2301,1469,1329,113,-102,1105,1480,2547,821,-246,100,17.8,12.4,6.8,56.9,60.4,81.5,79.5,18.5,20.5,100,18.6,12.5,7,55.7,60.8,81.3,80.3,18.7,19.7,100,0,9.4,0.1,87.6,49,87.7,58.5,12.3,41.5,94,20,12,10,51,36,74,56,94,20,12,10,49,36,72,56,35,0,5,1,14,18,15,23,19.4,28.1,32.5,45.2,18.8,27,30.5,42.2,19.9,28.2,31.8,45.9,18.5,27,29.8,43.7,73.1,29.2,85.7,42.8,73.1,29.2,84.3,42.8,"(CONTRACTS OF 5,000 BUSHELS)",WHEAT,GRAINS,AGRICULTURE,FutOnly
220913001612F,WHEAT-HRW - CHICAGO BOARD OF TRADE,09/13/2022 12:00:00 AM,2022 Report Week 37,WHEAT-HRW,1612,CBT ,CHI,1,WHEAT,149786,46233,31998,16839,68292,81607,131364,130444,18422,19342,135148,42976,31838,12063,63487,75781,118526,119682,16622,15466,14638,6483,3386,1550,4805,5826,12838,10762,1800,3876,3527,2166,-3979,2398,-582,5189,3982,3608,-455,-81,100,30.9,21.4,11.2,45.6,54.5,87.7,87.1,12.3,12.9,100,31.8,23.6,8.9,47,56.1,87.7,88.6,12.3,11.4,100,44.3,23.1,10.6,32.8,39.8,87.7,73.5,12.3,26.5,204,60,39,50,66,77,151,145,202,63,34,40,63,70,141,133,105,16,21,9,28,53,50,77,13.8,21.1,25,32.7,13.5,20.6,23.7,29.4,14.3,23.1,26.1,35.8,14.2,22.7,24.8,32.7,38.9,23.9,54.7,35.9,38.9,17.9,51.3,28.9,"(CONTRACTS OF 5,000 BUSHELS)",WHEAT,GRAINS,AGRICULTURE,FutOnly
220913002602F,CORN - CHICAGO BOARD OF TRADE,09/13/2022 12:00:00 AM,2022 Report Week 37,CORN,2602,CBT ,CHI,2,CORN,1310411,424311,129742,181162,588143,822322,1193616,1133226,116795,177185,1208718,398319,138117,151382,550703,758941,1100404,1048440,108314,160278,101693,52476,18109,3296,37440,63381,93212,84786,8481,16907,30324,17416,9394,15192,-2430,1047,30178,25633,146,4691,100,32.4,9.9,13.8,44.9,62.8,91.1,86.5,8.9,13.5,100,33,11.4,12.5,45.6,62.8,91,86.7,9,13.3,100,51.6,17.8,3.2,36.8,62.3,91.7,83.4,8.3,16.6,779,178,108,141,287,372,541,572,771,182,106,129,279,364,527,553,409,31,69,18,78,252,124,327,11.7,10.1,18.8,16.8,11.1,9.4,18,15.2,12.3,9.8,19.3,16.7,11.7,9.2,18.7,15.3,37.4,18.5,51.6,27.8,37.4,18.4,51.5,27.6,"(CONTRACTS OF 5,000 BUSHELS)",CORN,GRAINS,AGRICULTURE,FutOnly
220913004603F,OATS - CHICAGO BOARD OF TRADE,09/13/2022 12:00:00 AM,2022 Report Week 37,OATS,4603,CBT ,CHI,4,OATS,3724,680,605,193,1098,1721,1971,2519,1753,1205,3680,708,605,165,1098,1721,1971,2491,1709,1189,44,0,28,0,0,0,0,28,44,16,235,-25,-128,-45,165,334,95,161,140,74,100,18.3,16.2,5.2,29.5,46.2,52.9,67.6,47.1,32.4,100,19.2,16.4,4.5,29.8,46.8,53.6,67.7,46.4,32.3,100,0,63.6,0,0,0,0,63.6,100,36.4,24,7,3,2,9,7,17,12,24,8,3,2,9,7,17,12,2,0,2,0,0,0,0,2,21.7,42.4,38,62.6,21.7,41.4,36,59.4,21.9,42.9,38.5,63,21.9,41.9,36.5,60.1,0,63.6,0,63.6,0,63.6,0,63.6,"(CONTRACTS OF 5,000 BUSHELS)",OATS,GRAINS,AGRICULTURE,FutOnly
220913005603F,MINI SOYBEANS - CHICAGO BOARD OF TRADE,09/13/2022 12:00:00 AM,2022 Report Week 37,MINI SOYBEANS,5603,CBT ,CHI,5,SOYBEANS,26140,22234,983,319,5,10922,22558,12224,3582,13916,23265,20998,972,318,5,9038,21321,10328,1944,12937,2875,1236,11,1,0,1884,1237,1896,1638,979,648,1261,97,188,2,38,1451,323,-803,325,100,85.1,3.8,1.2,0,41.8,86.3,46.8,13.7,53.2,100,90.3,4.2,1.4,0,38.8,91.6,44.4,8.4,55.6,100,43,0.4,0,0,65.5,43,65.9,57,34.1,30,5,4,4,1,21,7,28,30,5,4,4,1,21,7,28,25,2,3,1,0,20,2,24,84.6,21.5,86.3,29.4,84,21.5,85.1,29.4,89.7,17.1,91.6,25.5,89,17.1,90.3,25.5,43,60.4,43,62.9,43,60.4,43,62.9,"(Contracts of 1,000 Bushels)",SOYBEANS,OILSEED and PRODUCTS,AGRICULTURE,FutOnly
220913005602F,SOYBEANS - CHICAGO BOARD OF TRADE,09/13/2022 12:00:00 AM,2022 Report Week 37,SOYBEANS,5602,CBT ,CHI,5,SOYBEANS,643018,163326,71216,90681,348795,410219,602802,572116,40216,70902,610493,155248,68836,81780,335205,394285,572233,544901,38260,65592,32525,15253,9555,1726,13590,15934,30569,27215,1956,5310,36831,11468,609,8581,14420,25018,34469,34208,2362,2623,100,25.4,11.1,14.1,54.2,63.8,93.7,89,6.3,11,100,25.4,11.3,13.4,54.9,64.6,93.7,89.3,6.3,10.7,100,46.9,29.4,5.3,41.8,49,94,83.7,6,16.3,576,149,107,149,170,259,397,464,573,151,107,145,168,254,392,455,265,25,56,11,34,161,69,220,13.4,14.6,21.5,21.8,13,13.2,19.5,20,14.1,15.2,22.5,22.6,13.8,13.7,21,20.9,49.8,19.8,66.4,33,49.1,16.6,65.7,29.1,"(CONTRACTS OF 5,000 BUSHELS)",SOYBEANS,OILSEED and PRODUCTS,AGRICULTURE,FutOnly
2209130063CHF,PJM TRI-RECs CLASS 1 - ICE FUTURES ENERGY DIV,09/13/2022 12:00:00 AM,2022 Report Week 37,PJM TRI-RECs CLASS 1,0063CH,IFED,NYC,6,POLLUTION,215958,60599,12157,13900,141438,189878,215937,215935,21,23,215958,60599,12157,13900,141438,189878,215937,215935,21,23,0,0,0,0,0,0,0,0,0,0,1702,864,75,0,838,1604,1702,1679,0,23,100,28.1,5.6,6.4,65.5,87.9,100,100,0,0,100,28.1,5.6,6.4,65.5,87.9,100,100,0,0,0,0,0,0,0,0,0,0,0,0,45,12,3,9,21,15,35,26,45,12,3,9,21,15,35,26,0,0,0,0,0,0,0,0,58,66.8,74.9,87.7,57.6,64.2,71.7,80.9,58,66.8,74.9,87.7,57.6,64.2,71.7,80.9,0,0,0,0,0,0,0,0,100 MWh of renewable energy certificates,POLLUTION,EMISSIONS,NATURAL RESOURCES,FutOnly
2209130063DAF,PA SOLAR ALTER ENERGY CREDIT - ICE FUTURES ENERGY DIV,09/13/2022 12:00:00 AM,2022 Report Week 37,PA SOLAR ALTER ENERGY CREDIT,0063DA,IFED,NYC,6,POLLUTION,26162,7346,2406,5000,13815,18756,26161,26162,1,0,26162,7346,2406,5000,13815,18756,26161,26162,1,0,0,0,0,0,0,0,0,0,0,0,0,0,0,0,0,0,0,0,0,0,100,28.1,9.2,19.1,52.8,71.7,100,100,0,0,100,28.1,9.2,19.1,52.8,71.7,100,100,0,0,0,0,0,0,0,0,0,0,0,0,20,6,1,1,10,6,16,8,20,6,1,1,10,6,16,8,0,0,0,0,0,0,0,0,74.5,77.2,89.1,100,54.8,63.2,65.5,71.4,74.5,77.2,89.1,100,54.8,63.2,65.5,71.4,0,0,0,0,0,0,0,0,(10 PA SRECs),POLLUTION,EMISSIONS,NATURAL RESOURCES,FutOnly
2209130063DLF,MASS COMPLIANCE RECs CLASS 1 - ICE FUTURES ENERGY DIV,09/13/2022 12:00:00 AM,2022 Report Week 37,MASS COMPLIANCE RECs CLASS 1,0063DL,IFED,NYC,6,POLLUTION,11702,510,2950,240,10952,8512,11702,11702,0,0,11702,510,2950,240,10952,8512,11702,11702,0,0,0,0,0,0,0,0,0,0,0,0,0,0,0,0,0,0,0,0,0,0,100,4.4,25.2,2.1,93.6,72.7,100,100,0,0,100,4.4,25.2,2.1,93.6,72.7,100,100,0,0,0,0,0,0,0,0,0,0,0,0,22,2,2,1,11,11,13,14,22,2,2,1,11,11,13,14,0,0,0,0,0,0,0,0,83.3,69.5,94.8,94.1,83.3,68.2,92.3,92.8,83.3,69.5,94.8,94.1,83.3,68.2,92.3,92.8,0,0,0,0,0,0,0,0,100 MWh of Class 1 Renewable Energy Cert,POLLUTION,EMISSIONS,NATURAL RESOURCES,FutOnly
220913006NFGF,TX GREEN-E REC V23 FRONT HALF - NODAL EXCHANGE,09/13/2022 12:00:00 AM,2022 Report Week 37,TX GREEN-E REC V23 FRONT HALF,006NFG,NODX,NYC,6,POLLUTION,4477,426,1215,0,4034,3250,4460,4465,17,12,4477,426,1215,0,4034,3250,4460,4465,17,12,0,0,0,0,0,0,0,0,0,0,45,45,0,0,0,45,45,45,0,0,100,9.5,27.1,0,90.1,72.6,99.6,99.7,0.4,0.3,100,9.5,27.1,0,90.1,72.6,99.6,99.7,0.4,0.3,0,0,0,0,0,0,0,0,0,0,26,5,6,0,10,7,15,13,26,5,6,0,10,7,15,13,0,0,0,0,0,0,0,0,64.7,77.3,87,96,61.3,77.3,83.4,93.8,64.7,77.3,87,96,61.3,77.3,83.4,93.8,0,0,0,0,0,0,0,0,1000 Texas Green-e RECs,POLLUTION,EMISSIONS,NATURAL RESOURCES,FutOnly
220913006NHYF,TX REC CRS V26 FRONT HALF - NODAL EXCHANGE,09/13/2022 12:00:00 AM,2022 Report Week 37,TX REC CRS V26 FRONT HALF,006NHY,NODX,NYC,6,POLLUTION,1605,555,177,0,1000,1378,1555,1555,50,50,1605,555,177,0,1000,1378,1555,1555,50,50,0,0,0,0,0,0,0,0,0,0,100,0,0,0,100,100,100,100,0,0,100,34.6,11,0,62.3,85.9,96.9,96.9,3.1,3.1,100,34.6,11,0,62.3,85.9,96.9,96.9,3.1,3.1,0,0,0,0,0,0,0,0,0,0,22,4,2,0,9,7,13,9,22,4,2,0,9,7,13,9,0,0,0,0,0,0,0,0,51.7,81.1,86,95.3,51.7,81.1,86,95.3,51.7,81.1,86,95.3,51.7,81.1,86,95.3,0,0,0,0,0,0,0,0,1000 Texas RECs,POLLUTION,EMISSIONS,NATURAL RESOURCES,FutOnly
2209130063DKF,CT RECs CLASS 1 - ICE FUTURES ENERGY DIV,09/13/2022 12:00:00 AM,2022 Report Week 37,CT RECs CLASS 1,0063DK,IFED,NYC,6,POLLUTION,13482,2481,1060,119,10882,12303,13482,13482,0,0,13482,2481,1060,119,10882,12303,13482,13482,0,0,0,0,0,0,0,0,0,0,0,0,0,0,0,0,0,0,0,0,0,0,100,18.4,7.9,0.9,80.7,91.3,100,100,0,0,100,18.4,7.9,0.9,80.7,91.3,100,100,0,0,0,0,0,0,0,0,0,0,0,0,23,2,3,2,8,12,10,17,23,2,3,2,8,12,10,17,0,0,0,0,0,0,0,0,84.2,62,99.2,85.2,83.7,60.8,94.6,82.8,84.2,62,99.2,85.2,83.7,60.8,94.6,82.8,0,0,0,0,0,0,0,0,100 MWh of Class 1 Renewable Energy Cert,POLLUTION,EMISSIONS,NATURAL RESOURCES,FutOnly
2209130063DNF,MARYLAND SOLAR REC - ICE FUTURES ENERGY DIV,09/13/2022 12:00:00 AM,2022 Report Week 37,MARYLAND SOLAR REC,0063DN,IFED,NYC,6,POLLUTION,38011,11672,12762,1550,24789,23699,38011,38011,0,0,38011,11672,12762,1550,24789,23699,38011,38011,0,0,0,0,0,0,0,0,0,0,0,0,0,0,0,0,0,0,0,0,0,0,100,30.7,33.6,4.1,65.2,62.3,100,100,0,0,100,30.7,33.6,4.1,65.2,62.3,100,100,0,0,0,0,0,0,0,0,0,0,0,0,26,6,3,1,15,7,21,11,26,6,3,1,15,7,21,11,0,0,0,0,0,0,0,0,39.4,76,69.8,98.7,38,73.6,62.4,78.9,39.4,76,69.8,98.7,38,73.6,62.4,78.9,0,0,0,0,0,0,0,0,(10 SRECs),POLLUTION,EMISSIONS,NATURAL RESOURCES,FutOnly
220913006NFJF,TX GREEN-E REC V25 FRONT HALF - NODAL EXCHANGE,09/13/2022 12:00:00 AM,2022 Report Week 37,TX GREEN-E REC V25 FRONT HALF,006NFJ,NODX,NYC,6,POLLUTION,2807,175,705,0,2595,2102,2770,2807,37,0,2807,175,705,0,2595,2102,2770,2807,37,0,0,0,0,0,0,0,0,0,0,0,125,0,25,0,125,100,125,125,0,0,100,6.2,25.1,0,92.4,74.9,98.7,100,1.3,0,100,6.2,25.1,0,92.4,74.9,98.7,100,1.3,0,0,0,0,0,0,0,0,0,0,0,26,4,5,0,12,6,16,11,26,4,5,0,12,6,16,11,0,0,0,0,0,0,0,0,73,77.5,86.5,96.9,73,77.5,85.2,96.9,73,77.5,86.5,96.9,73,77.5,85.2,96.9,0,0,0,0,0,0,0,0,1000 Texas Green-e RECs,POLLUTION,EMISSIONS,NATURAL RESOURCES,FutOnly
220913006NG4F,TX GREEN-E REC V25 BACK HALF - NODAL EXCHANGE,09/13/2022 12:00:00 AM,2022 Report Week 37,TX GREEN-E REC V25 BACK HALF,006NG4,NODX,NYC,6,POLLUTION,2773,300,730,0,2446,2043,2746,2773,27,0,2773,300,730,0,2446,2043,2746,2773,27,0,0,0,0,0,0,0,0,0,0,0,125,0,25,0,125,100,125,125,0,0,100,10.8,26.3,0,88.2,73.7,99,100,1,0,100,10.8,26.3,0,88.2,73.7,99,100,1,0,0,0,0,0,0,0,0,0,0,0,26,4,5,0,11,7,15,12,26,4,5,0,11,7,15,12,0,0,0,0,0,0,0,0,71.1,76.6,87.3,94.5,71.1,76.6,85.9,94.5,71.1,76.6,87.3,94.5,71.1,76.6,85.9,94.5,0,0,0,0,0,0,0,0,1000 Texas Green-e RECs,POLLUTION,EMISSIONS,NATURAL RESOURCES,FutOnly
220913006NG1F,TX GREEN-E REC V22 BACK HALF - NODAL EXCHANGE,09/13/2022 12:00:00 AM,2022 Report Week 37,TX GREEN-E REC V22 BACK HALF,006NG1,NODX,NYC,6,POLLUTION,3842,187,1649,50,3595,2102,3832,3801,10,41,3842,187,1649,50,3595,2102,3832,3801,10,41,0,0,0,0,0,0,0,0,0,0,0,0,0,0,0,0,0,0,0,0,100,4.9,42.9,1.3,93.6,54.7,99.7,98.9,0.3,1.1,100,4.9,42.9,1.3,93.6,54.7,99.7,98.9,0.3,1.1,0,0,0,0,0,0,0,0,0,0,23,4,5,3,11,5,17,11,23,4,5,3,11,5,17,11,0,0,0,0,0,0,0,0,69.2,73.6,89,95.4,65.3,73.6,84.5,91.8,69.2,73.6,89,95.4,65.3,73.6,84.5,91.8,0,0,0,0,0,0,0,0,1000 Texas Green-e RECs,POLLUTION,EMISSIONS,NATURAL RESOURCES,FutOnly
2209130063CJF,CALIF CARBON 21 - ICE FUTURES ENERGY DIV,09/13/2022 12:00:00 AM,2022 Report Week 37,CALIF CARBON 21,0063CJ,IFED,NYC,6,POLLUTION,1543,693,147,0,766,1353,1459,1500,84,43,1543,693,147,0,766,1353,1459,1500,84,43,0,0,0,0,0,0,0,0,0,0,95,0,0,0,85,95,85,95,10,0,100,44.9,9.5,0,49.6,87.7,94.6,97.2,5.4,2.8,100,44.9,9.5,0,49.6,87.7,94.6,97.2,5.4,2.8,0,0,0,0,0,0,0,0,0,0,20,7,2,0,6,6,13,8,20,7,2,0,6,6,13,8,0,0,0,0,0,0,0,0,53.5,81.7,82.2,97.2,53.5,81.1,82.2,95.1,53.5,81.7,82.2,97.2,53.5,81.1,82.2,95.1,0,0,0,0,0,0,0,0,"1,000 California carbon allowances",POLLUTION,EMISSIONS,NATURAL RESOURCES,FutOnly
22091300665TF,CBL NATURE GLOBAL EMISSIONS - NEW YORK MERCANTILE EXCHANGE,09/13/2022 12:00:00 AM,2022 Report Week 37,CBL NATURE GLOBAL EMISSIONS,00665T,NYME,NYC,6,POLLUTION,14542,7787,2235,1560,5043,10696,14390,14491,152,51,14542,7787,2235,1560,5043,10696,14390,14491,152,51,0,0,0,0,0,0,0,0,0,0,430,378,62,56,-17,348,417,466,13,-36,100,53.5,15.4,10.7,34.7,73.6,99,99.6,1,0.4,100,53.5,15.4,10.7,34.7,73.6,99,99.6,1,0.4,0,0,0,0,0,0,0,0,0,0,61,22,14,12,18,19,46,39,61,22,14,12,18,19,46,39,0,0,0,0,0,0,0,0,35.6,34.9,55.9,55.8,32,27.4,50.8,45.4,35.6,34.9,55.9,55.8,32,27.4,50.8,45.4,0,0,0,0,0,0,0,0,"(CONTRACTS OF 1,000 ENVIRONMENTAL OFFSET",POLLUTION,EMISSIONS,NATURAL RESOURCES,FutOnly
220913006NFFF,TX GREEN-E REC V22 FRONT HALF - NODAL EXCHANGE,09/13/2022 12:00:00 AM,2022 Report Week 37,TX GREEN-E REC V22 FRONT HALF,006NFF,NODX,NYC,6,POLLUTION,2833,273,1351,0,2560,1458,2833,2809,0,24,2833,273,1351,0,2560,1458,2833,2809,0,24,0,0,0,0,0,0,0,0,0,0,-15,0,0,0,0,-15,0,-15,-15,0,100,9.6,47.7,0,90.4,51.5,100,99.2,0,0.8,100,9.6,47.7,0,90.4,51.5,100,99.2,0,0.8,0,0,0,0,0,0,0,0,0,0,23,3,5,0,10,6,13,11,23,3,5,0,10,6,13,11,0,0,0,0,0,0,0,0,60.4,75.5,92.9,94.7,55.1,75.5,87.6,91.2,60.4,75.5,92.9,94.7,55.1,75.5,87.6,91.2,0,0,0,0,0,0,0,0,1000 Texas Green-e RECs,POLLUTION,EMISSIONS,NATURAL RESOURCES,FutOnly
220913006NHTF,TX REC CRS V26 BACK HALF - NODAL EXCHANGE,09/13/2022 12:00:00 AM,2022 Report Week 37,TX REC CRS V26 BACK HALF,006NHT,NODX,NYC,6,POLLUTION,1075,600,200,0,425,825,1025,1025,50,50,1075,600,200,0,425,825,1025,1025,50,50,0,0,0,0,0,0,0,0,0,0,,,,,,,,,,,100,55.8,18.6,0,39.5,76.7,95.3,95.3,4.7,4.7,100,55.8,18.6,0,39.5,76.7,95.3,95.3,4.7,4.7,0,0,0,0,0,0,0,0,0,0,21,4,2,0,7,8,11,10,21,4,2,0,7,8,11,10,0,0,0,0,0,0,0,0,65.1,65.4,88.4,89.3,65.1,65.4,88.4,89.3,65.1,65.4,88.4,89.3,65.1,65.4,88.4,89.3,0,0,0,0,0,0,0,0,1000 Texas RECs,POLLUTION,EMISSIONS,NATURAL RESOURCES,FutOnly
220913006NG3F,TX GREEN-E REC V24 BACK HALF - NODAL EXCHANGE,09/13/2022 12:00:00 AM,2022 Report Week 37,TX GREEN-E REC V24 BACK HALF,006NG3,NODX,NYC,6,POLLUTION,3755,383,1030,0,3105,2475,3488,3505,267,250,3755,383,1030,0,3105,2475,3488,3505,267,250,0,0,0,0,0,0,0,0,0,0,0,0,0,0,0,0,0,0,0,0,100,10.2,27.4,0,82.7,65.9,92.9,93.3,7.1,6.7,100,10.2,27.4,0,82.7,65.9,92.9,93.3,7.1,6.7,0,0,0,0,0,0,0,0,0,0,29,3,9,0,9,10,12,19,29,3,9,0,9,10,12,19,0,0,0,0,0,0,0,0,71.6,58.8,85.9,79,70.3,58.8,83.6,75.4,71.6,58.8,85.9,79,70.3,58.8,83.6,75.4,0,0,0,0,0,0,0,0,1000 Texas Green-e RECs,POLLUTION,EMISSIONS,NATURAL RESOURCES,FutOnly
2209130063CCF,NJ SRECS - ICE FUTURES ENERGY DIV,09/13/2022 12:00:00 AM,2022 Report Week 37,NJ SRECS,0063CC,IFED,NYC,6,POLLUTION,142019,54658,5406,8315,79046,128298,142019,142019,0,0,142019,54658,5406,8315,79046,128298,142019,142019,0,0,0,0,0,0,0,0,0,0,0,0,0,0,0,0,0,0,0,0,0,0,100,38.5,3.8,5.9,55.7,90.3,100,100,0,0,100,38.5,3.8,5.9,55.7,90.3,100,100,0,0,0,0,0,0,0,0,0,0,0,0,32,10,2,4,16,12,28,17,32,10,2,4,16,12,28,17,0,0,0,0,0,0,0,0,52.5,88.9,73.7,96.5,52.5,86.4,73.2,88.2,52.5,88.9,73.7,96.5,52.5,86.4,73.2,88.2,0,0,0,0,0,0,0,0,(10 SRECs),POLLUTION,EMISSIONS,NATURAL RESOURCES,FutOnly
2209130063DZF,RGGI V2022-ICE - ICE FUTURES ENERGY DIV,09/13/2022 12:00:00 AM,2022 Report Week 37,RGGI V2022-ICE,0063DZ,IFED,NYC,6,POLLUTION,78493,13517,12805,1778,63095,63861,78390,78444,103,49,78493,13517,12805,1778,63095,63861,78390,78444,103,49,0,0,0,0,0,0,0,0,0,0,1891,176,86,1167,534,622,1877,1875,14,16,100,17.2,16.3,2.3,80.4,81.4,99.9,99.9,0.1,0.1,100,17.2,16.3,2.3,80.4,81.4,99.9,99.9,0.1,0.1,0,0,0,0,0,0,0,0,0,0,51,19,9,5,19,14,40,26,51,19,9,5,19,14,40,26,0,0,0,0,0,0,0,0,43.5,72,67,86.8,41.5,63.7,62.1,74.4,43.5,72,67,86.8,41.5,63.7,62.1,74.4,0,0,0,0,0,0,0,0,"1,000 RGGI CO2 Allowances",POLLUTION,EMISSIONS,NATURAL RESOURCES,FutOnly
2209130063D9F,CALIF CARBON 22 - ICE FUTURES ENERGY DIV,09/13/2022 12:00:00 AM,2022 Report Week 37,CALIF CARBON 22,0063D9,IFED,NYC,6,POLLUTION,154672,90981,58635,19390,44120,76584,154491,154609,181,63,154672,90981,58635,19390,44120,76584,154491,154609,181,63,0,0,0,0,0,0,0,0,0,0,-2136,309,245,-666,-1560,-1561,-1917,-1982,-219,-154,100,58.8,37.9,12.5,28.5,49.5,99.9,100,0.1,0,100,58.8,37.9,12.5,28.5,49.5,99.9,100,0.1,0,0,0,0,0,0,0,0,0,0,0,122,64,21,18,29,18,101,49,122,64,21,18,29,18,101,49,0,0,0,0,0,0,0,0,35.7,28.9,56,51,30.8,28.5,49.6,48.8,35.7,28.9,56,51,30.8,28.5,49.6,48.8,0,0,0,0,0,0,0,0,"1,000 California carbon allowances",POLLUTION,EMISSIONS,NATURAL RESOURCES,FutOnly
220913006NG2F,TX GREEN-E REC V23 BACK HALF - NODAL EXCHANGE,09/13/2022 12:00:00 AM,2022 Report Week 37,TX GREEN-E REC V23 BACK HALF,006NG2,NODX,NYC,6,POLLUTION,3608,412,1575,0,3179,2020,3591,3595,17,13,3608,412,1575,0,3179,2020,3591,3595,17,13,0,0,0,0,0,0,0,0,0,0,-20,0,-100,0,-20,80,-20,-20,0,0,100,11.4,43.7,0,88.1,56,99.5,99.6,0.5,0.4,100,11.4,43.7,0,88.1,56,99.5,99.6,0.5,0.4,0,0,0,0,0,0,0,0,0,0,26,4,7,0,11,7,15,14,26,4,7,0,11,7,15,14,0,0,0,0,0,0,0,0,65.9,74.5,87.5,92.8,59,74.5,79.3,88.6,65.9,74.5,87.5,92.8,59,74.5,79.3,88.6,0,0,0,0,0,0,0,0,1000 Texas Green-e RECs,POLLUTION,EMISSIONS,NATURAL RESOURCES,FutOnly
2106290233B1F,NATURAL GAS PIPELINE-TEXOK (BASIS) - ICE FUTURES ENERGY DIV,06/29/2021 12:00:00 AM,2021 Report Week 26,NGPL TXOK BASIS,0233B1,IFED,NYC,23,NATURAL GAS,204255,3264,1270,1289,193888,196606,198441,199165,5814,5090,204255,3264,1270,1289,193888,196606,198441,199165,5814,5090,0,0,0,0,0,0,0,0,0,0,11459,-2425,620,-981,14068,11328,10662,10967,797,492,100,1.6,0.6,0.6,94.9,96.3,97.2,97.5,2.8,2.5,100,1.6,0.6,0.6,94.9,96.3,97.2,97.5,2.8,2.5,0,0,0,0,0,0,0,0,0,0,43,1,2,1,25,31,26,34,43,1,2,1,25,31,26,34,0,0,0,0,0,0,0,0,55.5,48.4,77.8,67.6,54,40.5,66.4,54,55.5,48.4,77.8,67.6,54,40.5,66.4,54,0,0,0,0,0,0,0,0,2500 mmbtu,NATURAL GAS,NATURAL GAS AND PRODUCTS,NATURAL RESOURCES,FutOnly
2209130063DMF,MARYLAND COMPLIANCE REC TIER1 - ICE FUTURES ENERGY DIV,09/13/2022 12:00:00 AM,2022 Report Week 37,MARYLAND COMPLIANCE REC TIER1,0063DM,IFED,NYC,6,POLLUTION,36543,4820,27176,0,31723,9367,36543,36543,0,0,36543,4820,27176,0,31723,9367,36543,36543,0,0,0,0,0,0,0,0,0,0,0,0,445,0,445,0,445,0,445,445,0,0,100,13.2,74.4,0,86.8,25.6,100,100,0,0,100,13.2,74.4,0,86.8,25.6,100,100,0,0,0,0,0,0,0,0,0,0,0,0,26,6,3,0,12,11,18,14,26,6,3,0,12,11,18,14,0,0,0,0,0,0,0,0,67.8,86.6,85.8,95.1,67.1,83,83.1,90.4,67.8,86.6,85.8,95.1,67.1,83,83.1,90.4,0,0,0,0,0,0,0,0,(100 Tier 1 RECs),POLLUTION,EMISSIONS,NATURAL RESOURCES,FutOnly
2308220233CHF,TETCO M3 BASIS - ICE FUTURES ENERGY DIV,08/22/2023 12:00:00 AM,2023 Report Week 34,TETCO M3 BASIS,0233CH,IFED,NYC,23,NATURAL GAS,171239,547,5512,2111,162349,155578,165007,163201,6232,8038,171239,547,5512,2111,162349,155578,165007,163201,6232,8038,0,0,0,0,0,0,0,0,0,0,2322,547,729,457,1780,1262,2784,2448,-462,-126,100,0.3,3.2,1.2,94.8,90.9,96.4,95.3,3.6,4.7,100,0.3,3.2,1.2,94.8,90.9,96.4,95.3,3.6,4.7,0,0,0,0,0,0,0,0,0,0,47,2,6,3,27,31,31,38,47,2,6,3,27,31,31,38,0,0,0,0,0,0,0,0,44.6,46.8,68.5,64.5,43.9,46.8,64.2,63.5,44.6,46.8,68.5,64.5,43.9,46.8,64.2,63.5,0,0,0,0,0,0,0,0,2500 mm btu,NATURAL GAS,NATURAL GAS AND PRODUCTS,NATURAL RESOURCES,FutOnly
2308220233CUF,TRANSCO ZONE 6 BASIS - ICE FUTURES ENERGY DIV,08/22/2023 12:00:00 AM,2023 Report Week 34,TRANSCO ZONE 6 BASIS,0233CU,IFED,NYC,23,NATURAL GAS,227359,11689,332,1661,204640,219501,217990,221494,9369,5865,227359,11689,332,1661,204640,219501,217990,221494,9369,5865,0,0,0,0,0,0,0,0,0,0,3368,331,-1602,-1380,3070,3705,2021,723,1347,2645,100,5.1,0.1,0.7,90,96.5,95.9,97.4,4.1,2.6,100,5.1,0.1,0.7,90,96.5,95.9,97.4,4.1,2.6,0,0,0,0,0,0,0,0,0,0,44,1,1,2,31,30,33,32,44,1,1,2,31,30,33,32,0,0,0,0,0,0,0,0,62.4,48.2,75.8,69.6,60.1,44.2,73.6,64.6,62.4,48.2,75.8,69.6,60.1,44.2,73.6,64.6,0,0,0,0,0,0,0,0,mmbtu,NATURAL GAS,NATURAL GAS AND PRODUCTS,NATURAL RESOURCES,FutOnly
2308220233FJF,Transco Zone 5 South Basis - ICE FUTURES ENERGY DIV,08/22/2023 12:00:00 AM,2023 Report Week 34,Transco Zone 5 South Basis,0233FJ,IFED,NYC,23,NATURAL GAS,85129,4003,840,0,75900,77552,79903,78392,5226,6737,85129,4003,840,0,75900,77552,79903,78392,5226,6737,0,0,0,0,0,0,0,0,0,0,685,-30,0,0,449,481,419,481,266,204,100,4.7,1,0,89.2,91.1,93.9,92.1,6.1,7.9,100,4.7,1,0,89.2,91.1,93.9,92.1,6.1,7.9,0,0,0,0,0,0,0,0,0,0,30,2,1,0,19,18,21,19,30,2,1,0,19,18,21,19,0,0,0,0,0,0,0,0,47.5,58.1,72.7,76.8,47.3,57.1,67.8,73,47.5,58.1,72.7,76.8,47.3,57.1,67.8,73,0,0,0,0,0,0,0,0,2500 MMBtus,NATURAL GAS,NATURAL GAS AND PRODUCTS,NATURAL RESOURCES,FutOnly
230822023651F,NAT GAS NYME - NEW YORK MERCANTILE EXCHANGE,08/22/2023 12:00:00 AM,2023 Report Week 34,NAT GAS NYME,23651,NYME,NYC,23,NATURAL GAS,1160461,233309,340646,383092,474395,394381,1090796,1118119,69665,42342,1160461,233309,340646,383092,474395,394381,1090796,1118119,69665,42342,0,0,0,0,0,0,0,0,0,0,-7720,6176,18330,-17076,1128,-12131,-9772,-10877,2052,3157,100,20.1,29.4,33,40.9,34,94,96.4,6,3.6,100,20.1,29.4,33,40.9,34,94,96.4,6,3.6,0,0,0,0,0,0,0,0,0,0,303,105,103,130,80,71,263,237,303,105,103,130,80,71,263,237,0,0,0,0,0,0,0,0,16.7,22.9,27.7,33.6,12.2,12.8,18.8,18,16.7,22.9,27.7,33.6,12.2,12.8,18.8,18,0,0,0,0,0,0,0,0,"(Contracts of 10,000 MMBTU'S)",NATURAL GAS,NATURAL GAS AND PRODUCTS,NATURAL RESOURCES,FutOnly
23082203565BF,HENRY HUB - NEW YORK MERCANTILE EXCHANGE,08/22/2023 12:00:00 AM,2023 Report Week 34,HENRY HUB,03565B,NYME,NYC,23,NATURAL GAS,429747,225895,7235,2440,176659,407911,404994,417586,24753,12161,429747,225895,7235,2440,176659,407911,404994,417586,24753,12161,0,0,0,0,0,0,0,0,0,0,4582,3758,80,175,693,5056,4626,5311,-44,-729,100,52.6,1.7,0.6,41.1,94.9,94.2,97.2,5.8,2.8,100,52.6,1.7,0.6,41.1,94.9,94.2,97.2,5.8,2.8,0,0,0,0,0,0,0,0,0,0,43,7,2,4,26,28,33,34,43,7,2,4,26,28,33,34,0,0,0,0,0,0,0,0,68.1,51.6,78.7,70.5,64.3,46.7,72.3,60.3,68.1,51.6,78.7,70.5,64.3,46.7,72.3,60.3,0,0,0,0,0,0,0,0,"(Contracts of 2,500  MMBTU'S)",NATURAL GAS,NATURAL GAS AND PRODUCTS,NATURAL RESOURCES,FutOnly
230822023392F,NAT GAS ICE PEN - ICE FUTURES ENERGY DIV,08/22/2023 12:00:00 AM,2023 Report Week 34,NAT GAS ICE PEN,23392,IFED,NYC,23,NATURAL GAS,649184,113267,268040,92174,443529,288878,648970,649092,214,92,649184,113267,268040,92174,443529,288878,648970,649092,214,92,0,0,0,0,0,0,0,0,0,0,17352,-12225,2708,15865,13650,-1283,17290,17290,62,62,100,17.4,41.3,14.2,68.3,44.5,100,100,0,0,100,17.4,41.3,14.2,68.3,44.5,100,100,0,0,0,0,0,0,0,0,0,0,0,0,68,18,12,25,31,31,60,57,68,18,12,25,31,31,60,57,0,0,0,0,0,0,0,0,36.8,47.8,58.9,67,25.9,36.6,41.6,47.1,36.8,47.8,58.9,67,25.9,36.6,41.6,47.1,0,0,0,0,0,0,0,0,2500 mmbtu,NATURAL GAS,NATURAL GAS AND PRODUCTS,NATURAL RESOURCES,FutOnly
230822023396F,AECO FIN BASIS - ICE FUTURES ENERGY DIV,08/22/2023 12:00:00 AM,2023 Report Week 34,AECO FIN BASIS,23396,IFED,NYC,23,NATURAL GAS,858224,19375,15836,3491,820364,836674,843230,856001,14994,2223,858224,19375,15836,3491,820364,836674,843230,856001,14994,2223,0,0,0,0,0,0,0,0,0,0,-2166,-159,-173,-573,-2210,-1668,-2942,-2414,776,248,100,2.3,1.8,0.4,95.6,97.5,98.3,99.7,1.7,0.3,100,2.3,1.8,0.4,95.6,97.5,98.3,99.7,1.7,0.3,0,0,0,0,0,0,0,0,0,0,59,5,4,4,47,34,54,40,59,5,4,4,47,34,54,40,0,0,0,0,0,0,0,0,39.8,55.3,60.6,81.8,39.3,53.4,55.9,73,39.8,55.3,60.6,81.8,39.3,53.4,55.9,73,0,0,0,0,0,0,0,0,"(Contracts of 2,500  MMBTU'S)",NATURAL GAS,NATURAL GAS AND PRODUCTS,NATURAL RESOURCES,FutOnly
230822023399F,WAHA FIN BASIS - ICE FUTURES ENERGY DIV,08/22/2023 12:00:00 AM,2023 Report Week 34,WAHA FIN BASIS,23399,IFED,NYC,23,NATURAL GAS,447054,2970,14979,1481,436302,421144,440753,437604,6301,9450,447054,2970,14979,1481,436302,421144,440753,437604,6301,9450,0,0,0,0,0,0,0,0,0,0,6289,0,2992,475,5962,2432,6437,5899,-148,390,100,0.7,3.4,0.3,97.6,94.2,98.6,97.9,1.4,2.1,100,0.7,3.4,0.3,97.6,94.2,98.6,97.9,1.4,2.1,0,0,0,0,0,0,0,0,0,0,63,2,7,4,49,38,55,45,63,2,7,4,49,38,55,45,0,0,0,0,0,0,0,0,34.5,48.3,58.5,69.9,34.3,43.3,54.1,61.9,34.5,48.3,58.5,69.9,34.3,43.3,54.1,61.9,0,0,0,0,0,0,0,0,"(Contracts of 2,500  MMBTU'S)",NATURAL GAS,NATURAL GAS AND PRODUCTS,NATURAL RESOURCES,FutOnly
2308220233AHF,HENRY HUB INDEX - ICE FUTURES ENERGY DIV,08/22/2023 12:00:00 AM,2023 Report Week 34,HENRY HUB INDEX,0233AH,IFED,NYC,23,NATURAL GAS,160598,18351,22474,4574,134670,131163,157595,158211,3003,2387,160598,18351,22474,4574,134670,131163,157595,158211,3003,2387,0,0,0,0,0,0,0,0,0,0,22278,2730,-4214,4424,15307,21951,22461,22161,-183,117,100,11.4,14,2.8,83.9,81.7,98.1,98.5,1.9,1.5,100,11.4,14,2.8,83.9,81.7,98.1,98.5,1.9,1.5,0,0,0,0,0,0,0,0,0,0,85,10,5,3,33,53,44,60,85,10,5,3,33,53,44,60,0,0,0,0,0,0,0,0,44.7,40.8,59.6,60.7,43.3,38.1,56.3,56.6,44.7,40.8,59.6,60.7,43.3,38.1,56.3,56.6,0,0,0,0,0,0,0,0,2500 mmbtu,NATURAL GAS,NATURAL GAS AND PRODUCTS,NATURAL RESOURCES,FutOnly
2308220233EBF,REX ZONE 3 BASIS - ICE FUTURES ENERGY DIV,08/22/2023 12:00:00 AM,2023 Report Week 34,REX ZONE 3 BASIS,0233EB,IFED,NYC,23,NATURAL GAS,221787,12285,6669,1178,197861,205205,211324,213052,10463,8735,221787,12285,6669,1178,197861,205205,211324,213052,10463,8735,0,0,0,0,0,0,0,0,0,0,-2678,-4153,-3964,-292,-57,-503,-4502,-4759,1824,2081,100,5.5,3,0.5,89.2,92.5,95.3,96.1,4.7,3.9,100,5.5,3,0.5,89.2,92.5,95.3,96.1,4.7,3.9,0,0,0,0,0,0,0,0,0,0,41,4,1,3,25,27,30,30,41,4,1,3,25,27,30,30,0,0,0,0,0,0,0,0,48.8,44.2,69.1,65.5,46.7,39.9,63.6,58.5,48.8,44.2,69.1,65.5,46.7,39.9,63.6,58.5,0,0,0,0,0,0,0,0,2500 MMBtus,NATURAL GAS,NATURAL GAS AND PRODUCTS,NATURAL RESOURCES,FutOnly
230822023A56F,HENRY HUB PENULTIMATE FIN - NEW YORK MERCANTILE EXCHANGE,08/22/2023 12:00:00 AM,2023 Report Week 34,HENRY HUB PENULTIMATE FIN,023A56,NYME,NYC,23,NATURAL GAS,210327,34206,46632,36988,131614,120491,202808,204111,7519,6216,210327,34206,46632,36988,131614,120491,202808,204111,7519,6216,0,0,0,0,0,0,0,0,0,0,5363,-1991,-1829,4714,2447,2143,5170,5028,193,335,100,16.3,22.2,17.6,62.6,57.3,96.4,97,3.6,3,100,16.3,22.2,17.6,62.6,57.3,96.4,97,3.6,3,0,0,0,0,0,0,0,0,0,0,72,17,20,32,32,31,67,65,72,17,20,32,32,31,67,65,0,0,0,0,0,0,0,0,37.9,30.3,55.7,48.8,37.8,24.2,48.3,37.5,37.9,30.3,55.7,48.8,37.8,24.2,48.3,37.5,0,0,0,0,0,0,0,0,"(Contracts of 10,000 MMBTU'S)",NATURAL GAS,NATURAL GAS AND PRODUCTS,NATURAL RESOURCES,FutOnly
230822023391F,NAT GAS ICE LD1 - ICE FUTURES ENERGY DIV,08/22/2023 12:00:00 AM,2023 Report Week 34,NAT GAS ICE LD1,23391,IFED,NYC,23,NATURAL GAS,6590354,538200,175062,1333724,4677761,5068054,6549685,6576840,40669,13514,6590354,538200,175062,1333724,4677761,5068054,6549685,6576840,40669,13514,0,0,0,0,0,0,0,0,0,0,66517,-76287,14729,53950,87847,-2381,65510,66298,1007,219,100,8.2,2.7,20.2,71,76.9,99.4,99.8,0.6,0.2,100,8.2,2.7,20.2,71,76.9,99.4,99.8,0.6,0.2,0,0,0,0,0,0,0,0,0,0,242,26,38,54,164,131,225,192,242,26,38,54,164,131,225,192,0,0,0,0,0,0,0,0,25.1,32,39.9,52.1,21.3,31.8,31.1,46.4,25.1,32,39.9,52.1,21.3,31.8,31.1,46.4,0,0,0,0,0,0,0,0,2500 MMBtus,NATURAL GAS,NATURAL GAS AND PRODUCTS,NATURAL RESOURCES,FutOnly
2308220233A8F,EP SAN JUAN BASIS - ICE FUTURES ENERGY DIV,08/22/2023 12:00:00 AM,2023 Report Week 34,EP SAN JUAN BASIS,0233A8,IFED,NYC,23,NATURAL GAS,213862,8262,0,1435,194546,204813,204243,206248,9619,7614,213862,8262,0,1435,194546,204813,204243,206248,9619,7614,0,0,0,0,0,0,0,0,0,0,502,1504,0,-214,-585,698,705,484,-203,18,100,3.9,0,0.7,91,95.8,95.5,96.4,4.5,3.6,100,3.9,0,0.7,91,95.8,95.5,96.4,4.5,3.6,0,0,0,0,0,0,0,0,0,0,29,2,0,1,18,18,20,19,29,2,0,1,18,18,20,19,0,0,0,0,0,0,0,0,71.3,87.6,83.7,92.2,70.1,85.1,80.2,89,71.3,87.6,83.7,92.2,70.1,85.1,80.2,89,0,0,0,0,0,0,0,0,2500 mmbtu,NATURAL GAS,NATURAL GAS AND PRODUCTS,NATURAL RESOURCES,FutOnly
2308220233AQF,MICHCON BASIS - ICE FUTURES ENERGY DIV,08/22/2023 12:00:00 AM,2023 Report Week 34,MICHCON BASIS,0233AQ,IFED,NYC,23,NATURAL GAS,264615,9614,3425,8716,234943,248100,253273,260241,11342,4374,264615,9614,3425,8716,234943,248100,253273,260241,11342,4374,0,0,0,0,0,0,0,0,0,0,3907,1435,852,-2225,4150,5312,3360,3939,547,-32,100,3.6,1.3,3.3,88.8,93.8,95.7,98.3,4.3,1.7,100,3.6,1.3,3.3,88.8,93.8,95.7,98.3,4.3,1.7,0,0,0,0,0,0,0,0,0,0,52,5,4,4,34,34,40,41,52,5,4,4,34,34,40,41,0,0,0,0,0,0,0,0,45.1,42.9,64.4,65.7,44,36.6,54.8,51.6,45.1,42.9,64.4,65.7,44,36.6,54.8,51.6,0,0,0,0,0,0,0,0,2500 mmbtu,NATURAL GAS,NATURAL GAS AND PRODUCTS,NATURAL RESOURCES,FutOnly
2308220233AWF,ALGONQUIN CITYGATES INDEX - ICE FUTURES ENERGY DIV,08/22/2023 12:00:00 AM,2023 Report Week 34,ALGONQUIN CITYGATES INDEX,0233AW,IFED,NYC,23,NATURAL GAS,19962,498,546,0,18395,18464,18893,19010,1069,952,19962,498,546,0,18395,18464,18893,19010,1069,952,0,0,0,0,0,0,0,0,0,0,,,,,,,,,,,100,2.5,2.7,0,92.2,92.5,94.6,95.2,5.4,4.8,100,2.5,2.7,0,92.2,92.5,94.6,95.2,5.4,4.8,0,0,0,0,0,0,0,0,0,0,20,1,1,0,9,12,10,13,20,1,1,0,9,12,10,13,0,0,0,0,0,0,0,0,82.8,69.2,93.1,85.9,70.8,54.7,78.6,71.3,82.8,69.2,93.1,85.9,70.8,54.7,78.6,71.3,0,0,0,0,0,0,0,0,mmbtu,NATURAL GAS,NATURAL GAS AND PRODUCTS,NATURAL RESOURCES,FutOnly
2308220233D4F,WAHA INDEX - ICE FUTURES ENERGY DIV,08/22/2023 12:00:00 AM,2023 Report Week 34,WAHA INDEX,0233D4,IFED,NYC,23,NATURAL GAS,54772,0,3200,0,54281,48825,54281,52025,491,2747,54772,0,3200,0,54281,48825,54281,52025,491,2747,0,0,0,0,0,0,0,0,0,0,6164,0,630,0,6134,5748,6134,6378,30,-214,100,0,5.8,0,99.1,89.1,99.1,95,0.9,5,100,0,5.8,0,99.1,89.1,99.1,95,0.9,5,0,0,0,0,0,0,0,0,0,0,34,0,2,0,24,19,24,21,34,0,2,0,24,19,24,21,0,0,0,0,0,0,0,0,55.6,57.4,69.7,76,48.1,48.6,60.9,61.4,55.6,57.4,69.7,76,48.1,48.6,60.9,61.4,0,0,0,0,0,0,0,0,2500 mm btu,NATURAL GAS,NATURAL GAS AND PRODUCTS,NATURAL RESOURCES,FutOnly
230822023395F,NWP ROCKIES FIN BASIS - ICE FUTURES ENERGY DIV,08/22/2023 12:00:00 AM,2023 Report Week 34,NWP ROCKIES FIN BASIS,23395,IFED,NYC,23,NATURAL GAS,351751,13554,1765,3887,320514,338906,337955,344558,13796,7193,351751,13554,1765,3887,320514,338906,337955,344558,13796,7193,0,0,0,0,0,0,0,0,0,0,5860,-1945,-192,45,7650,4337,5750,4190,110,1670,100,3.9,0.5,1.1,91.1,96.3,96.1,98,3.9,2,100,3.9,0.5,1.1,91.1,96.3,96.1,98,3.9,2,0,0,0,0,0,0,0,0,0,0,51,2,2,3,39,39,42,43,51,2,2,3,39,39,42,43,0,0,0,0,0,0,0,0,46.4,64.7,59.9,76.4,35.7,52.4,46.1,61,46.4,64.7,59.9,76.4,35.7,52.4,46.1,61,0,0,0,0,0,0,0,0,"(Contracts of 2,500  MMBTU'S)",NATURAL GAS,NATURAL GAS AND PRODUCTS,NATURAL RESOURCES,FutOnly
2308220233A2F,DOMINION - SOUTH POINT - ICE FUTURES ENERGY DIV,08/22/2023 12:00:00 AM,2023 Report Week 34,DOMINION - SOUTH POINT,0233A2,IFED,NYC,23,NATURAL GAS,62218,7716,0,868,52068,60948,60652,61816,1566,402,62218,7716,0,868,52068,60948,60652,61816,1566,402,0,0,0,0,0,0,0,0,0,0,13406,450,0,0,13050,13589,13500,13589,-94,-183,100,12.4,0,1.4,83.7,98,97.5,99.4,2.5,0.6,100,12.4,0,1.4,83.7,98,97.5,99.4,2.5,0.6,0,0,0,0,0,0,0,0,0,0,39,5,0,1,24,20,29,21,39,5,0,1,24,20,29,21,0,0,0,0,0,0,0,0,47.3,74.6,68.8,88.9,45.7,74.4,64.9,85.1,47.3,74.6,68.8,88.9,45.7,74.4,64.9,85.1,0,0,0,0,0,0,0,0,2500 mmbtu,NATURAL GAS,NATURAL GAS AND PRODUCTS,NATURAL RESOURCES,FutOnly
2308220233A3F,DOMINION - SOUTH POINT (BASIS) - ICE FUTURES ENERGY DIV,08/22/2023 12:00:00 AM,2023 Report Week 34,DOMINION - SOUTH POINT (BASIS),0233A3,IFED,NYC,23,NATURAL GAS,736668,42980,4102,2575,679340,723008,724895,729685,11773,6983,736668,42980,4102,2575,679340,723008,724895,729685,11773,6983,0,0,0,0,0,0,0,0,0,0,4760,4586,2040,481,-327,3590,4740,6111,20,-1351,100,5.8,0.6,0.3,92.2,98.1,98.4,99.1,1.6,0.9,100,5.8,0.6,0.3,92.2,98.1,98.4,99.1,1.6,0.9,0,0,0,0,0,0,0,0,0,0,75,8,4,5,55,48,63,57,75,8,4,5,55,48,63,57,0,0,0,0,0,0,0,0,34.6,41.2,50.3,72,34.4,40.2,50,68.3,34.6,41.2,50.3,72,34.4,40.2,50,68.3,0,0,0,0,0,0,0,0,2500 mmbtu,NATURAL GAS,NATURAL GAS AND PRODUCTS,NATURAL RESOURCES,FutOnly
230822023397F,CHICAGO FIN BASIS - ICE FUTURES ENERGY DIV,08/22/2023 12:00:00 AM,2023 Report Week 34,CHICAGO FIN BASIS,23397,IFED,NYC,23,NATURAL GAS,322154,18833,2534,765,296275,314574,315873,317873,6281,4281,322154,18833,2534,765,296275,314574,315873,317873,6281,4281,0,0,0,0,0,0,0,0,0,0,5457,7182,-248,-496,-305,7141,6381,6397,-924,-940,100,5.8,0.8,0.2,92,97.6,98.1,98.7,1.9,1.3,100,5.8,0.8,0.2,92,97.6,98.1,98.7,1.9,1.3,0,0,0,0,0,0,0,0,0,0,64,6,2,3,41,40,48,44,64,6,2,3,41,40,48,44,0,0,0,0,0,0,0,0,50.3,40.5,62,66.5,49.9,37,60.6,61.7,50.3,40.5,62,66.5,49.9,37,60.6,61.7,0,0,0,0,0,0,0,0,"(Contracts of 2,500  MMBTU'S)",NATURAL GAS,NATURAL GAS AND PRODUCTS,NATURAL RESOURCES,FutOnly
23082202339UF,CIG ROCKIES BASIS - ICE FUTURES ENERGY DIV,08/22/2023 12:00:00 AM,2023 Report Week 34,CIG ROCKIES BASIS,02339U,IFED,NYC,23,NATURAL GAS,364402,2248,25789,4195,349242,327097,355685,357081,8717,7321,364402,2248,25789,4195,349242,327097,355685,357081,8717,7321,0,0,0,0,0,0,0,0,0,0,-99,150,-268,4,-350,13,-196,-251,97,152,100,0.6,7.1,1.2,95.8,89.8,97.6,98,2.4,2,100,0.6,7.1,1.2,95.8,89.8,97.6,98,2.4,2,0,0,0,0,0,0,0,0,0,0,46,1,3,3,33,35,36,39,46,1,3,3,33,35,36,39,0,0,0,0,0,0,0,0,70.1,61.2,82.4,78,66.6,60.5,77.4,77.1,70.1,61.2,82.4,78,66.6,60.5,77.4,77.1,0,0,0,0,0,0,0,0,2500 mmbtu,NATURAL GAS,NATURAL GAS AND PRODUCTS,NATURAL RESOURCES,FutOnly
2308220233BBF,NNG VENTURA BASIS - ICE FUTURES ENERGY DIV,08/22/2023 12:00:00 AM,2023 Report Week 34,NNG VENTURA BASIS,0233BB,IFED,NYC,23,NATURAL GAS,119822,0,0,0,111952,114990,111952,114990,7870,4832,119822,0,0,0,111952,114990,111952,114990,7870,4832,0,0,0,0,0,0,0,0,0,0,5147,0,0,0,6636,4618,6636,4618,-1489,529,100,0,0,0,93.4,96,93.4,96,6.6,4,100,0,0,0,93.4,96,93.4,96,6.6,4,0,0,0,0,0,0,0,0,0,0,24,0,0,0,18,20,18,20,24,0,0,0,18,20,18,20,0,0,0,0,0,0,0,0,59.3,66.6,79,87.2,58.1,64.8,77.1,81.8,59.3,66.6,79,87.2,58.1,64.8,77.1,81.8,0,0,0,0,0,0,0,0,2500 mmbtu,NATURAL GAS,NATURAL GAS AND PRODUCTS,NATURAL RESOURCES,FutOnly
